{
    "input_path": ".\\general_ocr_002.png",
    "page_index": null,
    "model_settings": {
        "use_doc_preprocessor": false,
        "use_textline_orientation": false
    },
    "dt_polys": [
        [
            [
                28,
                9
            ],
            [
                131,
                9
            ],
            [
                131,
                61
            ],
            [
                28,
                61
            ]
        ],
        [
            [
                152,
                8
            ],
            [
                289,
                8
            ],
            [
                289,
                62
            ],
            [
                152,
                62
            ]
        ],
        [
            [
                260,
                5
            ],
            [
                497,
                5
            ],
            [
                497,
                64
            ],
            [
                260,
                64
            ]
        ]
    ],
    "text_det_params": {
        "limit_side_len": 64,
        "limit_type": "min",
        "thresh": 0.3,
        "max_side_limit": 4000,
        "box_thresh": 0.6,
        "unclip_ratio": 1.5
    },
    "text_type": "general",
    "textline_orientation_angles": [
        -1,
        -1,
        -1
    ],
    "text_rec_score_thresh": 0.0,
    "rec_texts": [
        "教官",
        "菜菜",
        "捞捞呜呜"
    ],
    "rec_scores": [
        0.9995031356811523,
        0.9990942478179932,
        0.9783428907394409
    ],
    "rec_polys": [
        [
            [
                28,
                9
            ],
            [
                131,
                9
            ],
            [
                131,
                61
            ],
            [
                28,
                61
            ]
        ],
        [
            [
                152,
                8
            ],
            [
                289,
                8
            ],
            [
                289,
                62
            ],
            [
                152,
                62
            ]
        ],
        [
            [
                260,
                5
            ],
            [
                497,
                5
            ],
            [
                497,
                64
            ],
            [
                260,
                64
            ]
        ]
    ],
    "rec_boxes": [
        [
            28,
            9,
            131,
            61
        ],
        [
            152,
            8,
            289,
            62
        ],
        [
            260,
            5,
            497,
            64
        ]
    ]
}